INSERT INTO department (dept_id, dept_name, location) VALUES
  (1, 'Engineering', 'New York'),
  (2, 'HR',          'London'),
  (3, 'Sales',       'Tokyo'),
  (4, 'Marketing',   'Delhi'),
  (5, 'Finance',     'Berlin');

INSERT INTO employee (emp_id, emp_name, dept_id, salary, manager_id, hire_date) VALUES
  (1,  'Alice',   1, 120000, NULL,    '2018-03-15'),
  (2,  'Bob',     2, 115000, NULL,    '2019-07-18'),
  (3,  'Charlie', 3, 110000, NULL,    '2020-11-30'),
  (4,  'Diana',   4, 108000, NULL,    '2021-01-22'),
  (5,  'Ethan',   5, 112000, NULL,    '2022-05-10'),
  (6,  'Fiona',   1,  75000, 1,       '2023-02-11'),
  (7,  'George',  1,  80000, 1,       '2024-06-05'),
  (8,  'Hannah',  1,  50000, 1,       '2022-08-20'),
  (9,  'Ian',     1,  95000, 1,       '2020-12-01'),
  (10, 'Jane',    1,  60000, 1,       '2021-09-15'),
  (11, 'Kyle',    2,  65000, 2,       '2023-03-19'),
  (12, 'Laura',   2,  70000, 2,       '2024-01-21'),
  (13, 'Mike',    2,  68000, 2,       '2020-10-10'),
  (14, 'Nina',    3,  72000, 3,       '2021-04-18'),
  (15, 'Oliver',  3,  69000, 3,       '2019-09-25'),
  (16, 'Paula',   4,  73000, 4,       '2022-07-30'),
  (17, 'Quentin', 4,  71000, 4,       '2023-11-05'),
  (18, 'Rachel',  5,  77000, 5,       '2021-05-14'),
  (19, 'Sam',     5,  76000, 5,       '2024-02-25'),
  (20, 'Tina',    5,  74000, 5,       '2020-06-12');

INSERT INTO project (proj_id, proj_name, dept_id, budget) VALUES
  (1,  'Project_A', 1, 100000),
  (2,  'Project_B', 1, 150000),
  (3,  'Project_C', 2, 120000),
  (4,  'Project_D', 2, 130000),
  (5,  'Project_E', 3, 110000),
  (6,  'Project_F', 3, 140000),
  (7,  'Project_G', 4, 160000),
  (8,  'Project_H', 4, 170000),
  (9,  'Project_I', 5, 115000),
  (10, 'Project_J', 5, 125000);

INSERT INTO workson (emp_id, proj_id, hours) VALUES
  (1,  1,  10),
  (1,  2,  20),
  (1,  3,  30),
  (1,  4,  40),
  (1,  5,  50),
  (1,  6,  60),
  (1,  7,  70),
  (1,  8,  80),
  (1,  9,  90),
  (1, 10, 100),
  (2,  3,  25),
  (3,  5,  30),
  (4,  7,  35),
  (5,  9,  45),
  (6,  1,  10),
  (6,  2,  20),
  (7,  1,  15),
  (7,  2,  25),
  (8,  1,  20),
  (8,  2,  30),
  (9,  1,  25),
  (9,  2,  35),
  (10, 1,  30),
  (10, 2,  40),
  (11, 3,  20),
  (12, 4,  25),
  (14, 5,  15),
  (14, 6,  25),
  (16, 7,  20),
  (17, 8,  30),
  (19, 9,  25),
  (20, 10, 30);
